ObjectID,GlobalID,What type of litter bin?,What is it's condition?,ParentGlobalID,CreationDate,Creator,EditDate,Editor,x,y
1,cc0fd0c3-3a9e-47e1-9114-2876169a582b,iron,useable,c1599e54-d788-4000-873d-22946e932ae9,6/8/2017 1:27:02 PM,,6/8/2017 1:27:02 PM,,-85.745739173026,38.2452429908336
2,a7f73f33-649b-453f-aeed-497680b96943,mushroom,useable,87cb095c-edc4-484a-9f72-3a81b03a4df7,6/8/2017 1:29:20 PM,,6/8/2017 1:29:20 PM,,-85.7459922343655,38.2452768802794
3,65cd89af-bcd7-4d98-8621-0dcdc1256a3c,iron,useable,87cb095c-edc4-484a-9f72-3a81b03a4df7,6/8/2017 1:29:20 PM,,6/8/2017 1:29:20 PM,,-85.7454947071731,38.2449558661244
4,d58ee972-d86d-4253-8211-3778bc001aae,mushroom,useable,87cb095c-edc4-484a-9f72-3a81b03a4df7,6/8/2017 1:29:20 PM,,6/8/2017 1:29:20 PM,,-85.7438074874287,38.2448604082862
5,4dbfe493-2f7b-4bf1-b464-e5836d585f4d,mushroom,useable,87cb095c-edc4-484a-9f72-3a81b03a4df7,6/8/2017 1:29:20 PM,,6/8/2017 1:29:20 PM,,-85.74340841,38.24510287
6,12a79e37-fa8b-48e2-8c61-202c3bfb8f62,iron,useable,87cb095c-edc4-484a-9f72-3a81b03a4df7,6/8/2017 1:29:20 PM,,6/8/2017 1:29:20 PM,,-85.74169236,38.24469704
7,dedc355e-5dc9-48a4-8dd9-4ccda3f057e5,iron,useable,87cb095c-edc4-484a-9f72-3a81b03a4df7,6/8/2017 1:29:20 PM,,6/8/2017 1:29:20 PM,,-85.7414501745616,38.2448848331749
8,bd9dcb63-47f3-4cc6-8532-2fbb728877d1,iron,useable,87cb095c-edc4-484a-9f72-3a81b03a4df7,6/8/2017 1:29:20 PM,,6/8/2017 1:29:20 PM,,-85.739663814418,38.2447996089163
9,5d471ff4-7aa6-4472-b4c5-73b012e5a0c6,wire,useable,87cb095c-edc4-484a-9f72-3a81b03a4df7,6/8/2017 1:29:20 PM,,6/8/2017 1:29:20 PM,,-85.73935605,38.2447845107893
10,0090f841-bb95-461e-94e9-9943af2813cb,wire,useable,87cb095c-edc4-484a-9f72-3a81b03a4df7,6/8/2017 1:29:20 PM,,6/8/2017 1:29:20 PM,,-85.73967701,38.24458826
11,fdf5ff5d-8fff-4380-a708-b4789690bdbd,mushroom,useable,87cb095c-edc4-484a-9f72-3a81b03a4df7,6/8/2017 1:29:20 PM,,6/8/2017 1:29:20 PM,,-85.74022091,38.24461435
12,89ce135d-fc42-4d04-bac8-2eeae6049838,wire,useable,87cb095c-edc4-484a-9f72-3a81b03a4df7,6/8/2017 1:29:20 PM,,6/8/2017 1:29:20 PM,,-85.73786544,38.24453933
13,92435160-8e6a-4703-a2d8-db5308c8ca93,iron,useable,87cb095c-edc4-484a-9f72-3a81b03a4df7,6/8/2017 1:29:20 PM,,6/8/2017 1:29:20 PM,,-85.73464064,38.2442539
14,859e5685-25df-40c3-9af1-b995e93e465b,wire,useable,0cc09ffa-974a-4bf8-b8bc-bdd1377536a6,6/8/2017 2:05:47 PM,,6/8/2017 2:05:47 PM,,-85.7422724052908,38.241503199032
15,fa2745a2-c3ae-44ec-a012-9bb046d4ab91,iron,useable,0cc09ffa-974a-4bf8-b8bc-bdd1377536a6,6/8/2017 2:05:47 PM,,6/8/2017 2:05:47 PM,,-85.7426999441803,38.2415110237013
16,7aa4838e-4e2a-4878-b808-76ccfc21088f,iron,useable,0cc09ffa-974a-4bf8-b8bc-bdd1377536a6,6/8/2017 2:05:47 PM,,6/8/2017 2:05:47 PM,,-85.74793808,38.2422002
17,b316a28a-1372-4c23-9e1f-aae3b924699e,iron,useable,0cc09ffa-974a-4bf8-b8bc-bdd1377536a6,6/8/2017 2:05:47 PM,,6/8/2017 2:05:47 PM,,-85.74848044,38.24064734
18,c4ee3918-9fd8-4099-9f42-042120a7c01d,iron,useable,0cc09ffa-974a-4bf8-b8bc-bdd1377536a6,6/8/2017 2:05:47 PM,,6/8/2017 2:05:47 PM,,-85.74048709,38.23998364
19,baec6760-3a3e-46d7-9921-20d0704cd3bd,iron,useable,0cc09ffa-974a-4bf8-b8bc-bdd1377536a6,6/8/2017 2:05:47 PM,,6/8/2017 2:05:47 PM,,-85.74662407,38.24049047
20,12587fe1-5f46-487c-b9d6-b44d93429a6a,iron,useable,0cc09ffa-974a-4bf8-b8bc-bdd1377536a6,6/8/2017 2:05:47 PM,,6/8/2017 2:05:47 PM,,-85.74102002,38.23689496
21,0db0a143-63b3-4418-82ae-f7920f8409f7,iron,useable,30f42b5d-4c8d-478d-89bc-cb9fafda6a41,6/8/2017 6:26:04 PM,,6/8/2017 6:26:04 PM,,-85.7452499398077,38.2351372176142
22,14313784-9329-4f73-96f6-9dc37fa50ce6,iron,useable,30f42b5d-4c8d-478d-89bc-cb9fafda6a41,6/8/2017 6:26:04 PM,,6/8/2017 6:26:04 PM,,-85.7473752876721,38.23408756524
23,c8be92eb-9802-4593-817a-fedad467d8a4,iron,useable,30f42b5d-4c8d-478d-89bc-cb9fafda6a41,6/8/2017 6:26:04 PM,,6/8/2017 6:26:04 PM,,-85.74524523,38.23390254
24,7039ea43-bfb7-4628-8d80-4bf001fc2c11,iron,useable,30f42b5d-4c8d-478d-89bc-cb9fafda6a41,6/8/2017 6:26:04 PM,,6/8/2017 6:26:04 PM,,-85.74398227,38.23124624
25,d1466919-4987-46ac-ab77-2a121f8bd045,iron,useable,30f42b5d-4c8d-478d-89bc-cb9fafda6a41,6/8/2017 6:26:04 PM,,6/8/2017 6:26:04 PM,,-85.74583911,38.2315647
26,f56ed0bf-e7c6-4b5b-a620-79a01f80c568,iron,useable,30f42b5d-4c8d-478d-89bc-cb9fafda6a41,6/8/2017 6:26:04 PM,,6/8/2017 6:26:04 PM,,-85.7478711,38.23167117
27,e8fa04f4-01a8-4ede-bb1a-a5669f69ea46,wire,useable,30f42b5d-4c8d-478d-89bc-cb9fafda6a41,6/8/2017 6:26:04 PM,,6/8/2017 6:26:04 PM,,-85.73966288,38.22980317
28,3f7d4828-8bc6-439f-8e9e-02a4b1c0f148,other,useable,30f42b5d-4c8d-478d-89bc-cb9fafda6a41,6/8/2017 6:26:04 PM,,6/8/2017 6:26:04 PM,,-85.73924239,38.22949415
29,ecef2f69-d576-46bb-bdff-48c7e980adab,iron,useable,fb885d3e-0434-4660-9596-47423148c96b,6/11/2017 6:10:24 PM,,6/11/2017 6:10:24 PM,,-85.72255331,38.23790198
30,7249c192-fdd5-46ea-904c-84feabba0d09,iron,useable,fb885d3e-0434-4660-9596-47423148c96b,6/11/2017 6:10:24 PM,,6/11/2017 6:10:24 PM,,-85.72434303,38.24012663
31,5ad0e05c-d2c8-45f8-8c65-d9f1a52695e4,iron,useable,fb885d3e-0434-4660-9596-47423148c96b,6/11/2017 6:10:24 PM,,6/11/2017 6:10:24 PM,,-85.72331369,38.23908462
32,bfecaad4-d1ab-422d-b2ac-562f8a549ac9,iron,useable,fb885d3e-0434-4660-9596-47423148c96b,6/11/2017 6:10:24 PM,,6/11/2017 6:10:24 PM,,-85.71701179,38.23129615
33,de71b728-a18c-4227-9902-93690f9e9df8,iron,useable,fb885d3e-0434-4660-9596-47423148c96b,6/11/2017 6:10:24 PM,,6/11/2017 6:10:24 PM,,-85.71688227,38.23113777
34,07cb0c96-b126-4c9e-8c44-01c0ae966ea6,iron,useable,fb885d3e-0434-4660-9596-47423148c96b,6/11/2017 6:10:24 PM,,6/11/2017 6:10:24 PM,,-85.72203856,38.23725625
35,ab037df1-8e85-4f74-a247-9011a56e58be,wire,useable,0e909093-9089-48f1-912a-3758f4fc754e,6/11/2017 6:20:44 PM,,6/11/2017 6:20:44 PM,,-85.6840168211858,38.2231089068071
36,3b4401f3-1085-4dc1-bb6c-e01d7e6b4b3e,wire,useable,0e909093-9089-48f1-912a-3758f4fc754e,6/11/2017 6:20:44 PM,,6/11/2017 6:20:44 PM,,-85.6572658103757,38.2219185121713
37,626fdf81-de98-4bd7-8ceb-05d71871e925,wire,useable,6aaae81e-912a-4850-a11a-c29268b9f1bb,6/11/2017 6:33:23 PM,,6/11/2017 6:33:23 PM,,-85.7100365963631,38.2324165525271
38,32b3dccc-a444-4639-b87d-125698efeac7,wire,useable,6aaae81e-912a-4850-a11a-c29268b9f1bb,6/11/2017 6:33:23 PM,,6/11/2017 6:33:23 PM,,-85.710562141692,38.2328063948436
39,543ceab1-28c2-455b-96a1-c2d3b23b6560,iron,useable,6aaae81e-912a-4850-a11a-c29268b9f1bb,6/11/2017 6:33:23 PM,,6/11/2017 6:33:23 PM,,-85.7118046750181,38.2334453473224
40,5a4f6e20-66e7-49e4-9f65-9270d115ce9d,iron,useable,6aaae81e-912a-4850-a11a-c29268b9f1bb,6/11/2017 6:33:23 PM,,6/11/2017 6:33:23 PM,,-85.7119221893006,38.2334831497057
41,be1bd31e-b65a-4435-86c7-ea36c402f674,wire,useable,6aaae81e-912a-4850-a11a-c29268b9f1bb,6/11/2017 6:33:23 PM,,6/11/2017 6:33:23 PM,,-85.71221916013,38.2336230017601
42,23285fd1-4f82-4d44-8d58-91699137bc13,iron,useable,6aaae81e-912a-4850-a11a-c29268b9f1bb,6/11/2017 6:33:23 PM,,6/11/2017 6:33:23 PM,,-85.7141853031569,38.2344626170008
43,3f06ea2c-31bc-4934-8a66-422913363122,iron,useable,6aaae81e-912a-4850-a11a-c29268b9f1bb,6/11/2017 6:33:23 PM,,6/11/2017 6:33:23 PM,,-85.7148161251896,38.2350273896365
44,7c49a085-96cd-44c3-bbd8-aeb02fd81379,iron,not_useable,6aaae81e-912a-4850-a11a-c29268b9f1bb,6/11/2017 6:33:23 PM,,6/11/2017 6:33:23 PM,,-85.7152978331649,38.2353381906061
45,4e8814a4-83d4-402d-ae9d-61e44a992c51,iron,useable,6aaae81e-912a-4850-a11a-c29268b9f1bb,6/11/2017 6:33:23 PM,,6/11/2017 6:33:23 PM,,-85.7155716699415,38.2354419166578
46,461a2696-2a65-4991-9056-4043184f5c78,iron,useable,6aaae81e-912a-4850-a11a-c29268b9f1bb,6/11/2017 6:33:23 PM,,6/11/2017 6:33:23 PM,,-85.7171467971855,38.2363746967523
47,1674c66e-6f82-4597-a1d3-171df92c6110,iron,useable,6aaae81e-912a-4850-a11a-c29268b9f1bb,6/11/2017 6:33:23 PM,,6/11/2017 6:33:23 PM,,-85.7197119948321,38.2377750613151
48,965c5835-fa99-47e3-b8b5-88cd23cb1836,iron,useable,6aaae81e-912a-4850-a11a-c29268b9f1bb,6/11/2017 6:33:23 PM,,6/11/2017 6:33:23 PM,,-85.7207981218451,38.2384099904804
49,f23af39b-ecb9-4d43-8a92-2c2338785bcb,iron,useable,6aaae81e-912a-4850-a11a-c29268b9f1bb,6/11/2017 6:33:23 PM,,6/11/2017 6:33:23 PM,,-85.7208862156474,38.2384440210073
50,4d622d5a-5db7-4d9a-ad95-351833844609,iron,useable,6aaae81e-912a-4850-a11a-c29268b9f1bb,6/11/2017 6:33:23 PM,,6/11/2017 6:33:23 PM,,-85.7212774828875,38.2386524789391
51,6395c473-690a-4367-9348-e5652dc891b6,iron,useable,6aaae81e-912a-4850-a11a-c29268b9f1bb,6/11/2017 6:33:23 PM,,6/11/2017 6:33:23 PM,,-85.7242088020646,38.2404567674159
52,a3786be9-183e-4791-a44a-80c675320ec3,iron,useable,6aaae81e-912a-4850-a11a-c29268b9f1bb,6/11/2017 6:33:23 PM,,6/11/2017 6:33:23 PM,,-85.724571989929,38.2407022314502
53,e4588dce-e1a8-4aef-ba41-9bda2bf7df33,iron,useable,6aaae81e-912a-4850-a11a-c29268b9f1bb,6/11/2017 6:33:23 PM,,6/11/2017 6:33:23 PM,,-85.7250281330996,38.241187795101
54,854a952a-92b3-41cc-b111-17588854c630,iron,useable,6aaae81e-912a-4850-a11a-c29268b9f1bb,6/11/2017 6:33:23 PM,,6/11/2017 6:33:23 PM,,-85.7252608985507,38.2416000170989
55,7d1deacd-5749-463f-b468-8e31523f0800,iron,useable,6aaae81e-912a-4850-a11a-c29268b9f1bb,6/11/2017 6:33:23 PM,,6/11/2017 6:33:23 PM,,-85.7257186342829,38.2421834813787
56,417c0711-fe5f-4322-ab08-bf008c19e8c8,iron,not_useable,6aaae81e-912a-4850-a11a-c29268b9f1bb,6/11/2017 6:33:23 PM,,6/11/2017 6:33:23 PM,,-85.7272872236424,38.2438933896257
57,3b567a4e-6382-4d0a-b144-4e8f03aa6219,iron,useable,6aaae81e-912a-4850-a11a-c29268b9f1bb,6/11/2017 6:33:23 PM,,6/11/2017 6:33:23 PM,,-85.7266916894221,38.2431861665456
58,950bf384-f587-411c-a06b-4f8f00cd5cfa,iron,useable,6aaae81e-912a-4850-a11a-c29268b9f1bb,6/11/2017 6:33:23 PM,,6/11/2017 6:33:23 PM,,-85.7257996034676,38.2421405241249
59,bebf70f8-3d1e-4f29-ab07-4cf47b408882,iron,useable,6aaae81e-912a-4850-a11a-c29268b9f1bb,6/11/2017 6:33:23 PM,,6/11/2017 6:33:23 PM,,-85.7253811788612,38.2415908808245
60,fa487717-7c7d-478d-afa8-7816f8ea8c14,iron,useable,6aaae81e-912a-4850-a11a-c29268b9f1bb,6/11/2017 6:33:23 PM,,6/11/2017 6:33:23 PM,,-85.7248302363658,38.2407648023574
61,eabdee4e-2689-478a-98f2-8d1767d53476,iron,useable,6aaae81e-912a-4850-a11a-c29268b9f1bb,6/11/2017 6:33:23 PM,,6/11/2017 6:33:23 PM,,-85.724519016301,38.2403215673177
62,f1a755d9-4938-4eef-a202-0850e00df1ad,iron,useable,6aaae81e-912a-4850-a11a-c29268b9f1bb,6/11/2017 6:33:23 PM,,6/11/2017 6:33:23 PM,,-85.7244087104553,38.2401639456286
63,da305a85-389b-4950-a12d-575318f0c1cf,iron,useable,6aaae81e-912a-4850-a11a-c29268b9f1bb,6/11/2017 6:33:23 PM,,6/11/2017 6:33:23 PM,,-85.7235369925254,38.2397771627067
64,6b607681-bfca-461a-8d96-38c3cc648ff8,wire,useable,6aaae81e-912a-4850-a11a-c29268b9f1bb,6/11/2017 6:33:23 PM,,6/11/2017 6:33:23 PM,,-85.7205729001069,38.2381251734106
65,c438e4c1-573c-4d7b-b78a-a73e79663c5e,iron,useable,6aaae81e-912a-4850-a11a-c29268b9f1bb,6/11/2017 6:33:23 PM,,6/11/2017 6:33:23 PM,,-85.7197693270498,38.2376797171666
66,f80a8109-e859-4927-9fd2-77d488c9ed63,iron,useable,6aaae81e-912a-4850-a11a-c29268b9f1bb,6/11/2017 6:33:23 PM,,6/11/2017 6:33:23 PM,,-85.719053596338,38.2372953649966
67,c2c175d6-5d55-46aa-867d-154bfb7873f1,iron,useable,6aaae81e-912a-4850-a11a-c29268b9f1bb,6/11/2017 6:33:23 PM,,6/11/2017 6:33:23 PM,,-85.7187178172969,38.2370719872771
68,309b5513-fb34-4dfc-b06e-154c2fd9233f,iron,useable,6aaae81e-912a-4850-a11a-c29268b9f1bb,6/11/2017 6:33:23 PM,,6/11/2017 6:33:23 PM,,-85.7165489160323,38.2358595868929
69,1f5feff0-83ee-4f1b-8beb-0dbcb5c42f2d,iron,useable,6aaae81e-912a-4850-a11a-c29268b9f1bb,6/11/2017 6:33:23 PM,,6/11/2017 6:33:23 PM,,-85.7160289865785,38.2356795017032
70,87526afc-4067-4604-8be9-3d1446971aa6,iron,useable,6aaae81e-912a-4850-a11a-c29268b9f1bb,6/11/2017 6:33:23 PM,,6/11/2017 6:33:23 PM,,-85.7155761123502,38.235388314387
71,5b401942-d449-4151-af93-03f6c6ed3995,iron,useable,6aaae81e-912a-4850-a11a-c29268b9f1bb,6/11/2017 6:33:23 PM,,6/11/2017 6:33:23 PM,,-85.7150521595829,38.2350736996515
72,606142f1-5e65-422d-839e-7fdf4ad481e5,iron,useable,6aaae81e-912a-4850-a11a-c29268b9f1bb,6/11/2017 6:33:23 PM,,6/11/2017 6:33:23 PM,,-85.7136470173352,38.2343049534021
73,fc870cf3-864c-4c0a-9494-979950be4396,iron,useable,6aaae81e-912a-4850-a11a-c29268b9f1bb,6/11/2017 6:33:23 PM,,6/11/2017 6:33:23 PM,,-85.713345017364,38.2341067213921
74,0cdbf7c0-d3dc-4c9a-aa56-888b21feef82,iron,not_useable,6aaae81e-912a-4850-a11a-c29268b9f1bb,6/11/2017 6:33:23 PM,,6/11/2017 6:33:23 PM,,-85.7122622431123,38.2335714949651
75,9bb865c3-18a5-45ff-8b1b-9203a5c057a4,iron,useable,6aaae81e-912a-4850-a11a-c29268b9f1bb,6/11/2017 6:33:23 PM,,6/11/2017 6:33:23 PM,,-85.7117808704131,38.2333646715043
76,ca8ea23b-18c1-459d-8aae-676ab397f111,iron,useable,6aaae81e-912a-4850-a11a-c29268b9f1bb,6/11/2017 6:33:23 PM,,6/11/2017 6:33:23 PM,,-85.7113849093073,38.2330697123317
77,ae6a8d4a-e863-4b03-9543-3e4bf5fe1f6f,iron,useable,6aaae81e-912a-4850-a11a-c29268b9f1bb,6/11/2017 6:33:23 PM,,6/11/2017 6:33:23 PM,,-85.7108913828486,38.2328610867618
78,d4e15dac-8c1f-4879-98c4-e7222b231ff6,iron,useable,6aaae81e-912a-4850-a11a-c29268b9f1bb,6/11/2017 6:33:23 PM,,6/11/2017 6:33:23 PM,,-85.7102844492399,38.2324054884149
79,c326830f-176c-4b8d-a01b-e210550e302f,iron,useable,6aaae81e-912a-4850-a11a-c29268b9f1bb,6/11/2017 6:33:23 PM,,6/11/2017 6:33:23 PM,,-85.709526054641,38.2320250338299
80,f54a353f-3980-4a97-b766-96d9cf713a19,iron,useable,e4924651-4b48-4562-98cd-3b381ced1758,6/11/2017 6:34:29 PM,,6/11/2017 6:34:29 PM,,-85.68353703,38.22229144
81,be154734-aa43-4e96-aa2e-b49eebe596e7,mushroom,useable,e4924651-4b48-4562-98cd-3b381ced1758,6/11/2017 6:34:29 PM,,6/11/2017 6:34:29 PM,,-85.68378283,38.22242639
82,75d4c95d-9bbd-4f4c-a3e8-926a8f753a20,wire,useable,e4924651-4b48-4562-98cd-3b381ced1758,6/11/2017 6:34:29 PM,,6/11/2017 6:34:29 PM,,-85.68439375,38.22291994
83,a62c9caa-9740-427d-90cc-3bc5fae1f4a3,wire,useable,e4924651-4b48-4562-98cd-3b381ced1758,6/11/2017 6:34:29 PM,,6/11/2017 6:34:29 PM,,-85.6827142,38.22191339
84,cce6c1a3-d356-4bf8-8aa4-3adaa6012515,wire,useable,e4924651-4b48-4562-98cd-3b381ced1758,6/11/2017 6:34:29 PM,,6/11/2017 6:34:29 PM,,-85.67820005,38.21850372
85,dba3497a-355f-4d8c-bccd-602a1200ccc3,wire,useable,e4924651-4b48-4562-98cd-3b381ced1758,6/11/2017 6:34:29 PM,,6/11/2017 6:34:29 PM,,-85.67719711,38.21773774
86,57b3b9cd-a163-4828-9d90-9004f12bf4cd,wire,useable,e4924651-4b48-4562-98cd-3b381ced1758,6/11/2017 6:34:29 PM,,6/11/2017 6:34:29 PM,,-85.67482502,38.21580788
87,45cebc63-00b2-4886-b196-45229ab6534f,wire,useable,e4924651-4b48-4562-98cd-3b381ced1758,6/11/2017 6:34:29 PM,,6/11/2017 6:34:29 PM,,-85.67333694,38.21400411
88,85fd3fb9-75f2-4dbd-9552-d90d3c1c710b,mushroom,useable,e4924651-4b48-4562-98cd-3b381ced1758,6/11/2017 6:34:29 PM,,6/11/2017 6:34:29 PM,,-85.67274565,38.21329507
89,caf74527-e396-460c-8bb8-d5de9c597974,iron,useable,7eedfbbb-ec6f-44ae-a22a-26f1268447fc,6/11/2017 6:40:40 PM,,6/11/2017 6:40:40 PM,,-85.7093999069982,38.2318159891649
90,73bd8af6-9d55-43f8-9216-06c4fdb9ce7b,iron,useable,7eedfbbb-ec6f-44ae-a22a-26f1268447fc,6/11/2017 6:40:40 PM,,6/11/2017 6:40:40 PM,,-85.7090061019084,38.2319034901827
91,2c7bf60b-6ef7-4d8d-8099-890d55139d8c,iron,useable,7eedfbbb-ec6f-44ae-a22a-26f1268447fc,6/11/2017 6:40:40 PM,,6/11/2017 6:40:40 PM,,-85.7086985556298,38.2315863938474
92,f448aa00-9d40-470a-9960-8a8cdab9420c,iron,useable,7eedfbbb-ec6f-44ae-a22a-26f1268447fc,6/11/2017 6:40:40 PM,,6/11/2017 6:40:40 PM,,-85.7075099877424,38.2312310330309
93,aede1408-7b20-41f8-bd7a-6e3ef444fbff,mushroom,useable,7eedfbbb-ec6f-44ae-a22a-26f1268447fc,6/11/2017 6:40:40 PM,,6/11/2017 6:40:40 PM,,-85.7073625774586,38.2311049385859
94,6f514028-12c7-443a-a41b-e467dbc9936d,iron,useable,7eedfbbb-ec6f-44ae-a22a-26f1268447fc,6/11/2017 6:40:40 PM,,6/11/2017 6:40:40 PM,,-85.7054942753964,38.230666300515
95,e9ce2be4-9b3e-4c1e-88c7-7d2f5c357256,iron,useable,7eedfbbb-ec6f-44ae-a22a-26f1268447fc,6/11/2017 6:40:40 PM,,6/11/2017 6:40:40 PM,,-85.7054047566705,38.2309267111479
96,d877665e-2df7-41f6-95c6-adaa662ac0d1,iron,useable,7eedfbbb-ec6f-44ae-a22a-26f1268447fc,6/11/2017 6:40:40 PM,,6/11/2017 6:40:40 PM,,-85.7040987277786,38.2300435182704
97,517a4f22-4782-4878-a2ff-c9e2d6602491,iron,useable,7eedfbbb-ec6f-44ae-a22a-26f1268447fc,6/11/2017 6:40:40 PM,,6/11/2017 6:40:40 PM,,-85.7021621369394,38.2287781461908
98,1db14543-78c7-4fa1-8eb5-50d9c0f10bc4,wire,useable,7eedfbbb-ec6f-44ae-a22a-26f1268447fc,6/11/2017 6:40:40 PM,,6/11/2017 6:40:40 PM,,-85.6999688257058,38.2275039624001
99,9535a1a1-7509-4ca0-8271-41f7d920f084,iron,useable,7eedfbbb-ec6f-44ae-a22a-26f1268447fc,6/11/2017 6:40:40 PM,,6/11/2017 6:40:40 PM,,-85.6975378753511,38.22591257993
100,342b20ff-0e33-4eea-adae-ff68f4237e70,iron,useable,7eedfbbb-ec6f-44ae-a22a-26f1268447fc,6/11/2017 6:40:40 PM,,6/11/2017 6:40:40 PM,,-85.6969137211197,38.2256284682436
101,2f5463e6-4883-47a5-8a69-38f4470cd8d1,iron,useable,7eedfbbb-ec6f-44ae-a22a-26f1268447fc,6/11/2017 6:40:40 PM,,6/11/2017 6:40:40 PM,,-85.6957541429416,38.2251829188121
102,f59066bc-2e8c-4866-ad6e-04cafd111fab,iron,useable,7eedfbbb-ec6f-44ae-a22a-26f1268447fc,6/11/2017 6:40:40 PM,,6/11/2017 6:40:40 PM,,-85.6951681897842,38.2251175074263
103,f664cd74-f84f-4837-9eb1-74154c053028,iron,useable,7eedfbbb-ec6f-44ae-a22a-26f1268447fc,6/11/2017 6:40:40 PM,,6/11/2017 6:40:40 PM,,-85.6949632522517,38.2248766953482
104,d6360637-6453-44c3-ae12-9d840330307c,mushroom,useable,7eedfbbb-ec6f-44ae-a22a-26f1268447fc,6/11/2017 6:40:40 PM,,6/11/2017 6:40:40 PM,,-85.6940950326628,38.2245468500403
105,fab75183-0e86-4262-89ac-0261d4ded04c,iron,useable,7eedfbbb-ec6f-44ae-a22a-26f1268447fc,6/11/2017 6:40:40 PM,,6/11/2017 6:40:40 PM,,-85.693727423719,38.2242693238206
106,5547fba2-d749-4587-914a-2b7c94331533,iron,useable,7eedfbbb-ec6f-44ae-a22a-26f1268447fc,6/11/2017 6:40:40 PM,,6/11/2017 6:40:40 PM,,-85.6927380134359,38.223966104534
107,46d04996-bd46-4cf0-b84a-15e283fdda51,wire,useable,7eedfbbb-ec6f-44ae-a22a-26f1268447fc,6/11/2017 6:40:40 PM,,6/11/2017 6:40:40 PM,,-85.6894119820689,38.2236253780403
108,8461c494-8b53-4e5b-adb0-a963eaecd241,iron,useable,7eedfbbb-ec6f-44ae-a22a-26f1268447fc,6/11/2017 6:40:40 PM,,6/11/2017 6:40:40 PM,,-85.6872881785929,38.2234844183736
109,d66053d2-a0c2-4f49-93a6-14454e4ef002,mushroom,useable,7eedfbbb-ec6f-44ae-a22a-26f1268447fc,6/11/2017 6:40:40 PM,,6/11/2017 6:40:40 PM,,-85.6847827337148,38.2230514670897
110,c2c591a0-d6f0-41f8-b64b-63845edb7e1e,wire,useable,7eedfbbb-ec6f-44ae-a22a-26f1268447fc,6/11/2017 6:40:40 PM,,6/11/2017 6:40:40 PM,,-85.6840339787899,38.2229012647735
111,921fd535-1612-48c8-8789-258a622ec2c2,mushroom,useable,7eedfbbb-ec6f-44ae-a22a-26f1268447fc,6/11/2017 6:40:40 PM,,6/11/2017 6:40:40 PM,,-85.6862380752485,38.2236303632275
112,34e4181b-c90f-481e-ba14-4877e5a38de1,wire,useable,7eedfbbb-ec6f-44ae-a22a-26f1268447fc,6/11/2017 6:40:40 PM,,6/11/2017 6:40:40 PM,,-85.6884133325136,38.2239769776667
113,14c08a5e-3553-46e3-bdda-798a5c66444a,iron,useable,7eedfbbb-ec6f-44ae-a22a-26f1268447fc,6/11/2017 6:40:40 PM,,6/11/2017 6:40:40 PM,,-85.687443862232,38.2238103679096
114,ade2870e-f971-40d6-b544-ee6c037e292a,mushroom,useable,7eedfbbb-ec6f-44ae-a22a-26f1268447fc,6/11/2017 6:40:40 PM,,6/11/2017 6:40:40 PM,,-85.6909877993965,38.2242270559428
115,3a7d7bda-bf1b-4471-9eba-c1f38712cfbe,mushroom,useable,7eedfbbb-ec6f-44ae-a22a-26f1268447fc,6/11/2017 6:40:40 PM,,6/11/2017 6:40:40 PM,,-85.6923899566191,38.2242566766367
116,4f3e1c0d-8585-48ba-8e36-dd5788186a38,mushroom,useable,7eedfbbb-ec6f-44ae-a22a-26f1268447fc,6/11/2017 6:40:40 PM,,6/11/2017 6:40:40 PM,,-85.6945308794505,38.2248907563012
117,68f92c23-676d-4905-99d4-355a0716e061,wire,useable,7eedfbbb-ec6f-44ae-a22a-26f1268447fc,6/11/2017 6:40:40 PM,,6/11/2017 6:40:40 PM,,-85.6981538236939,38.2262601703761
118,08e94692-f307-4cae-b630-3ab8ca584488,wire,useable,7eedfbbb-ec6f-44ae-a22a-26f1268447fc,6/11/2017 6:40:40 PM,,6/11/2017 6:40:40 PM,,-85.6996214949393,38.2273036754115
119,b37090ef-3dcc-4a9b-a0d8-74bb0c130991,wire,useable,7eedfbbb-ec6f-44ae-a22a-26f1268447fc,6/11/2017 6:40:40 PM,,6/11/2017 6:40:40 PM,,-85.6998777756979,38.2277862162282
120,616c6137-65c8-4b06-b4c4-98b4497058fd,iron,useable,7eedfbbb-ec6f-44ae-a22a-26f1268447fc,6/11/2017 6:40:40 PM,,6/11/2017 6:40:40 PM,,-85.7008500382864,38.2283210487191
121,7f7b6a87-2819-47f1-8308-c055aaa6070f,iron,useable,7eedfbbb-ec6f-44ae-a22a-26f1268447fc,6/11/2017 6:40:40 PM,,6/11/2017 6:40:40 PM,,-85.7013875879459,38.2288632843921
122,aa4d3940-d7db-48c4-9d3d-84855b1a28c0,iron,useable,7eedfbbb-ec6f-44ae-a22a-26f1268447fc,6/11/2017 6:40:40 PM,,6/11/2017 6:40:40 PM,,-85.7024062905537,38.229533605226
123,3a16d758-387e-47e5-9303-dab5a203d200,iron,useable,7eedfbbb-ec6f-44ae-a22a-26f1268447fc,6/11/2017 6:40:40 PM,,6/11/2017 6:40:40 PM,,-85.703063092337,38.229881054556
124,5e10455a-d12b-40f3-9b02-9ab1323f945c,iron,useable,7eedfbbb-ec6f-44ae-a22a-26f1268447fc,6/11/2017 6:40:40 PM,,6/11/2017 6:40:40 PM,,-85.7043903787487,38.230636278203
125,ff379df0-5a15-4881-b482-591bf90cbf53,iron,useable,7eedfbbb-ec6f-44ae-a22a-26f1268447fc,6/11/2017 6:40:40 PM,,6/11/2017 6:40:40 PM,,-85.7055596482593,38.231240742802
126,92492709-599b-4505-bccb-0918fd746b4b,iron,useable,7eedfbbb-ec6f-44ae-a22a-26f1268447fc,6/11/2017 6:40:40 PM,,6/11/2017 6:40:40 PM,,-85.7060107271506,38.2313308777756
127,fdad19ad-450c-4d16-9bfa-7c802a95a319,iron,useable,7eedfbbb-ec6f-44ae-a22a-26f1268447fc,6/11/2017 6:40:40 PM,,6/11/2017 6:40:40 PM,,-85.7067848724578,38.2314013541565
128,ef3ff218-0ba6-4e01-8fbf-c6b3727ac8b4,iron,useable,7eedfbbb-ec6f-44ae-a22a-26f1268447fc,6/11/2017 6:40:40 PM,,6/11/2017 6:40:40 PM,,-85.7074131307262,38.2316355934442
129,3e50841e-ec3d-4164-a28c-de356b764ed6,iron,useable,5e96785f-ec7e-4461-9894-0cfa34d5dc18,6/28/2017 12:32:54 AM,,6/28/2017 12:32:54 AM,,-85.7207775861823,38.2266019424779
130,47dd65b1-0a87-4fda-a6d3-595bc8a1562f,iron,useable,5e96785f-ec7e-4461-9894-0cfa34d5dc18,6/28/2017 12:32:54 AM,,6/28/2017 12:32:54 AM,,-85.7271338926162,38.234780274868
131,5cf0539d-d622-4189-b6f4-fcf04da0a61c,mushroom,useable,5e96785f-ec7e-4461-9894-0cfa34d5dc18,6/28/2017 12:32:54 AM,,6/28/2017 12:32:54 AM,,-85.7273672708177,38.2356896018965
132,573b79b9-14f0-4302-91a8-d6712fbe6510,iron,useable,5e96785f-ec7e-4461-9894-0cfa34d5dc18,6/28/2017 12:32:54 AM,,6/28/2017 12:32:54 AM,,-85.7274895529138,38.2357167054536
133,d118b651-c591-4a31-b397-1e9843b8fc43,wire,useable,5e96785f-ec7e-4461-9894-0cfa34d5dc18,6/28/2017 12:32:54 AM,,6/28/2017 12:32:54 AM,,-85.727537171995,38.2358332258074
134,e20b45ad-d1ae-4325-b09e-56c02adfeb10,iron,useable,5e96785f-ec7e-4461-9894-0cfa34d5dc18,6/28/2017 12:32:54 AM,,6/28/2017 12:32:54 AM,,-85.7293282170647,38.237843457645
135,e620487a-dd5e-4869-a9ed-4cd583778115,iron,useable,5e96785f-ec7e-4461-9894-0cfa34d5dc18,6/28/2017 12:32:54 AM,,6/28/2017 12:32:54 AM,,-85.7309196052009,38.2398063736393
136,a6f7e8f9-1ba8-4175-b0dd-0e6b7e22e4dc,iron,useable,5e96785f-ec7e-4461-9894-0cfa34d5dc18,6/28/2017 12:32:54 AM,,6/28/2017 12:32:54 AM,,-85.7310289890372,38.2402085373534
137,d429356f-592a-4c5b-ba3a-a8d123c143d4,iron,useable,0fe314ee-12f0-471c-89f4-5b1a2750105d,6/29/2017 8:11:18 PM,,6/29/2017 8:11:18 PM,,-85.7016200356358,38.2136207538097
138,a97a2ac5-9460-407a-a788-506c7bb169dd,wire,useable,0fe314ee-12f0-471c-89f4-5b1a2750105d,6/29/2017 8:11:18 PM,,6/29/2017 8:11:18 PM,,-85.7064084520008,38.2165641447785
139,eef9bf4e-03a7-45ca-99a0-10c0df0d1966,wire,useable,0fe314ee-12f0-471c-89f4-5b1a2750105d,6/29/2017 8:11:18 PM,,6/29/2017 8:11:18 PM,,-85.7096873373196,38.2202311535871
140,9a50efe0-2bda-4150-969c-92d1aa01222f,wire,useable,0fe314ee-12f0-471c-89f4-5b1a2750105d,6/29/2017 8:11:18 PM,,6/29/2017 8:11:18 PM,,-85.7148533291457,38.2287792494593
141,0059f8a2-cd6d-4b3a-8444-95c8fc240c5f,wire,useable,48bbc906-92f2-4ede-b734-4e30965cffb3,6/29/2017 8:41:29 PM,,6/29/2017 8:41:29 PM,,-85.7147109562404,38.2286942970227
142,306d5fc1-d2b0-40c5-99f1-dee15ebe5b17,wire,useable,48bbc906-92f2-4ede-b734-4e30965cffb3,6/29/2017 8:41:29 PM,,6/29/2017 8:41:29 PM,,-85.7093598599788,38.2197698166551
143,bb09809e-242c-43f5-96eb-6d0856fcb554,wire,useable,48bbc906-92f2-4ede-b734-4e30965cffb3,6/29/2017 8:41:29 PM,,6/29/2017 8:41:29 PM,,-85.7064286949417,38.2166213406121
144,bb24935e-062d-44d3-ac62-3fe16f05b2f0,iron,useable,48bbc906-92f2-4ede-b734-4e30965cffb3,6/29/2017 8:41:29 PM,,6/29/2017 8:41:29 PM,,-85.7016300866945,38.2136528810836
